mean_fit_time,std_fit_time,mean_score_time,std_score_time,param_n_neighbors,params,split0_test_score,split1_test_score,split2_test_score,split3_test_score,split4_test_score,mean_test_score,std_test_score,rank_test_score,split0_train_score,split1_train_score,split2_train_score,split3_train_score,split4_train_score,mean_train_score,std_train_score
0.031126737594604492,0.002487352932542766,0.0403597354888916,0.0009807907940882084,4,{'n_neighbors': 4},0.6875,0.8625,0.8125,0.725,0.75,0.7675,0.06254998001598402,2,0.86875,0.825,0.853125,0.86875,0.865625,0.85625,0.016653640743092807
0.027727842330932617,0.0007577809343626112,0.04030642509460449,0.0010012648470980442,5,{'n_neighbors': 5},0.7125,0.9125,0.7875,0.7,0.7375,0.7699999999999999,0.07729812416870152,1,0.871875,0.828125,0.84375,0.86875,0.871875,0.8568749999999999,0.01783167827210887
0.028318357467651368,0.001496559125279544,0.04068179130554199,0.00171912274456633,6,{'n_neighbors': 6},0.675,0.875,0.7875,0.7,0.7375,0.7549999999999999,0.07097534783289194,3,0.84375,0.803125,0.81875,0.865625,0.828125,0.8318750000000001,0.02141480212376477
