mean_fit_time,std_fit_time,mean_score_time,std_score_time,param_n_neighbors,params,split0_test_score,split1_test_score,split2_test_score,split3_test_score,split4_test_score,mean_test_score,std_test_score,rank_test_score,split0_train_score,split1_train_score,split2_train_score,split3_train_score,split4_train_score,mean_train_score,std_train_score
0.027479934692382812,0.0004244552350709433,0.04691624641418457,0.0020904582129737353,4,{'n_neighbors': 4},0.725,0.8875,0.85,0.7625,0.8375,0.8125,0.059686681931566614,3,0.921875,0.89375,0.896875,0.890625,0.88125,0.896875,0.013549677117924253
0.028122949600219726,0.0015855013509339165,0.04779725074768067,0.0014806647007385518,5,{'n_neighbors': 5},0.7375,0.875,0.8875,0.775,0.8875,0.8324999999999999,0.06354132513569415,1,0.91875,0.896875,0.884375,0.890625,0.88125,0.8943749999999999,0.013317047345414057
0.02892303466796875,0.0021071273024445307,0.04827141761779785,0.002410380502868831,6,{'n_neighbors': 6},0.7125,0.9125,0.875,0.7875,0.8375,0.825,0.0698212002188447,2,0.903125,0.853125,0.86875,0.875,0.86875,0.87375,0.01636975106713597
