mean_fit_time,std_fit_time,mean_score_time,std_score_time,param_C,params,split0_test_score,split1_test_score,split2_test_score,split3_test_score,split4_test_score,mean_test_score,std_test_score,rank_test_score,split0_train_score,split1_train_score,split2_train_score,split3_train_score,split4_train_score,mean_train_score,std_train_score
0.35604352951049806,0.021064123585621524,0.0004012584686279297,0.0004914554967489985,1,{'C': 1},0.85,0.9625,0.9375,0.8375,0.8875,0.8949999999999999,0.048476798574163295,1,1.0,1.0,1.0,1.0,1.0,1.0,0.0
0.4137866973876953,0.01813461143197112,0.0009804725646972655,1.9642913029389177e-05,5,{'C': 5},0.8375,0.9625,0.925,0.85,0.8875,0.8925000000000001,0.04650268809434569,2,1.0,1.0,1.0,1.0,1.0,1.0,0.0
0.4464417934417725,0.027048110957542802,0.0005983352661132812,0.0004891610833449902,10,{'C': 10},0.825,0.9625,0.925,0.8375,0.8875,0.8875,0.05184110338331932,3,1.0,1.0,1.0,1.0,1.0,1.0,0.0
