mean_fit_time,std_fit_time,mean_score_time,std_score_time,param_C,params,split0_test_score,split1_test_score,split2_test_score,split3_test_score,split4_test_score,mean_test_score,std_test_score,rank_test_score,split0_train_score,split1_train_score,split2_train_score,split3_train_score,split4_train_score,mean_train_score,std_train_score
0.50845947265625,0.02934634797473091,0.0012757301330566407,0.001615289110271969,1,{'C': 1},0.7625,0.95,0.9375,0.8875,0.8875,0.885,0.066332495807108,1,1.0,1.0,1.0,1.0,1.0,1.0,0.0
0.46814775466918945,0.03109709926165102,0.0001995086669921875,0.000399017333984375,5,{'C': 5},0.75,0.9375,0.9375,0.9,0.8875,0.8825,0.06919176251549025,3,1.0,1.0,1.0,1.0,1.0,1.0,0.0
0.5062477588653564,0.066926512950572,0.0009967803955078125,1.3436320117574091e-06,10,{'C': 10},0.7625,0.9375,0.9375,0.8875,0.8875,0.8825000000000001,0.0640312423743285,2,1.0,1.0,1.0,1.0,1.0,1.0,0.0
