mean_fit_time,std_fit_time,mean_score_time,std_score_time,param_C,params,split0_test_score,split1_test_score,split2_test_score,split3_test_score,split4_test_score,mean_test_score,std_test_score,rank_test_score,split0_train_score,split1_train_score,split2_train_score,split3_train_score,split4_train_score,mean_train_score,std_train_score
0.35127668380737304,0.016122243634325257,0.0005929946899414062,0.0004842838183024247,1,{'C': 1},0.85,0.9625,0.9375,0.8375,0.8875,0.8949999999999999,0.048476798574163295,1,1.0,1.0,1.0,1.0,1.0,1.0,0.0
0.4537962436676025,0.050423762974921064,0.0009892940521240234,1.6160207568811688e-05,5,{'C': 5},0.8375,0.9625,0.925,0.85,0.8875,0.8925000000000001,0.04650268809434569,2,1.0,1.0,1.0,1.0,1.0,1.0,0.0
0.4253035545349121,0.021686739829872244,0.00019025802612304688,0.00038051605224609375,10,{'C': 10},0.825,0.9625,0.925,0.8375,0.8875,0.8875,0.05184110338331932,3,1.0,1.0,1.0,1.0,1.0,1.0,0.0
