,precision,recall,f1-score,support
1,0.7777777777777778,1.0,0.8750000000000001,7.0
2,0.85,0.8095238095238095,0.8292682926829269,21.0
3,0.9047619047619048,0.76,0.8260869565217391,25.0
4,0.6785714285714286,0.9047619047619048,0.7755102040816326,21.0
5,0.8947368421052632,0.7391304347826086,0.8095238095238095,23.0
accuracy,0.8144329896907216,0.8144329896907216,0.8144329896907216,0.8144329896907216
macro avg,0.8211695906432748,0.8426832298136645,0.8230778525620217,97.0
weighted avg,0.832396282803228,0.8144329896907216,0.8154285563314109,97.0
