,precision,recall,f1-score,support
1,0.7777777777777778,1.0,0.8750000000000001,7.0
2,0.5833333333333334,0.6666666666666666,0.6222222222222222,21.0
3,0.75,0.72,0.7346938775510204,25.0
4,0.6086956521739131,0.6666666666666666,0.6363636363636365,21.0
5,0.8823529411764706,0.6521739130434783,0.75,23.0
accuracy,0.7010309278350515,0.7010309278350515,0.7010309278350515,0.7010309278350515
macro avg,0.720431940892299,0.7411014492753623,0.7236559472273758,97.0
weighted avg,0.7167131008985097,0.7010309278350515,0.7028108244234902,97.0
