,precision,recall,f1-score,support
1,0.0,0.0,0.0,7.0
2,0.0,0.0,0.0,21.0
3,0.0,0.0,0.0,25.0
4,0.0,0.0,0.0,21.0
5,0.25,1.0,0.4,23.0
accuracy,0.23711340206185566,0.23711340206185566,0.23711340206185566,0.23711340206185566
macro avg,0.05,0.2,0.08,97.0
weighted avg,0.059278350515463915,0.23711340206185566,0.09484536082474228,97.0
