mean_fit_time,std_fit_time,mean_score_time,std_score_time,param_n_estimators,params,split0_test_score,split1_test_score,split2_test_score,split3_test_score,split4_test_score,mean_test_score,std_test_score,rank_test_score,split0_train_score,split1_train_score,split2_train_score,split3_train_score,split4_train_score,mean_train_score,std_train_score
0.007379674911499023,0.0007975578878280217,0.0007982730865478515,0.00039913658243831624,1,{'n_estimators': 1},0.5875,0.6625,0.6625,0.6,0.575,0.6175,0.03758324094593227,5,0.89375,0.875,0.86875,0.85625,0.878125,0.874375,0.012247448713915917
0.02074441909790039,0.0007458050622304973,0.0009978294372558593,3.814697265625e-07,5,{'n_estimators': 5},0.7375,0.9,0.875,0.7625,0.825,0.8200000000000001,0.06254998001598401,4,0.98125,0.975,0.975,0.984375,0.984375,0.9800000000000001,0.0042389562394533
0.039693689346313475,0.0014661229342394753,0.0019951343536376955,1.784161275279017e-07,10,{'n_estimators': 10},0.775,0.9375,0.875,0.8625,0.8375,0.8575000000000002,0.05279678020485718,3,1.0,0.99375,0.99375,1.0,1.0,0.9974999999999999,0.003061862178478962
0.062233257293701175,0.006482030332713583,0.001995086669921875,3.693564745147149e-07,15,{'n_estimators': 15},0.8,0.95,0.8875,0.9,0.825,0.8724999999999999,0.05385164807134503,1,1.0,0.996875,1.0,1.0,1.0,0.999375,0.0012500000000000178
0.08456587791442871,0.002393428097622359,0.0025929927825927733,0.0004882861254493377,20,{'n_estimators': 20},0.8125,0.9375,0.8875,0.8375,0.8875,0.8724999999999999,0.043588989435406726,1,1.0,1.0,1.0,1.0,0.996875,0.999375,0.0012500000000000178
