mean_fit_time,std_fit_time,mean_score_time,std_score_time,param_n_estimators,params,split0_test_score,split1_test_score,split2_test_score,split3_test_score,split4_test_score,mean_test_score,std_test_score,rank_test_score,split0_train_score,split1_train_score,split2_train_score,split3_train_score,split4_train_score,mean_train_score,std_train_score
0.008164596557617188,0.001169373667692586,0.001262521743774414,0.00038725332771486404,1,{'n_estimators': 1},0.65,0.8,0.725,0.7625,0.6,0.7075,0.07314369419163898,5,0.890625,0.896875,0.878125,0.890625,0.909375,0.8931250000000001,0.01015504800579495
0.0271395206451416,0.0029980355933254084,0.001589822769165039,0.000794978205265137,5,{'n_estimators': 5},0.7,0.8375,0.7875,0.8375,0.75,0.7825,0.052796780204857216,4,0.98125,0.975,0.9875,0.9875,0.971875,0.9806249999999999,0.0063737743919909905
0.04168095588684082,0.0007550456988446916,0.0018033504486083985,0.0004031507279444615,10,{'n_estimators': 10},0.8125,0.8875,0.9,0.8375,0.8625,0.86,0.03201562118716424,3,0.996875,1.0,1.0,0.99375,1.0,0.9981249999999999,0.0024999999999999966
0.061037635803222655,0.0013402478690748944,0.0025936126708984374,0.0004884048348357214,15,{'n_estimators': 15},0.8,0.925,0.8625,0.875,0.8625,0.865,0.03984344362627306,2,0.996875,0.996875,0.996875,0.996875,0.996875,0.996875,0.0
0.08358893394470215,0.004014190534390674,0.0027924537658691405,0.0007452955874427358,20,{'n_estimators': 20},0.7875,0.95,0.9375,0.875,0.85,0.8799999999999999,0.059476886266851596,1,1.0,1.0,1.0,1.0,1.0,1.0,0.0
