mean_fit_time,std_fit_time,mean_score_time,std_score_time,param_n_estimators,params,split0_test_score,split1_test_score,split2_test_score,split3_test_score,split4_test_score,mean_test_score,std_test_score,rank_test_score,split0_train_score,split1_train_score,split2_train_score,split3_train_score,split4_train_score,mean_train_score,std_train_score
0.009972524642944337,0.000632033099694411,0.0013965606689453126,0.0004891827901311848,1,{'n_estimators': 1},0.6375,0.7625,0.7625,0.7125,0.5625,0.6874999999999999,0.07745966692414832,5,0.884375,0.89375,0.89375,0.846875,0.878125,0.8793749999999999,0.01729794062887256
0.030520248413085937,0.002569392687420371,0.0019922733306884767,0.000890902292572215,5,{'n_estimators': 5},0.65,0.8375,0.8625,0.8125,0.7625,0.7849999999999999,0.07516648189186455,4,0.965625,0.98125,0.971875,0.978125,0.9875,0.976875,0.007551903733496623
0.06402921676635742,0.01383963890652892,0.0027927398681640626,0.001162769953341868,10,{'n_estimators': 10},0.7875,0.9,0.8625,0.8,0.875,0.845,0.04373213921133976,3,0.996875,0.99375,0.996875,0.99375,0.99375,0.9949999999999999,0.0015309310892394536
0.08537187576293945,0.004031917806732752,0.0031912803649902345,0.0011618372292259865,15,{'n_estimators': 15},0.7875,0.925,0.9125,0.8625,0.825,0.8625,0.05184110338331932,2,1.0,0.996875,1.0,1.0,1.0,0.999375,0.0012500000000000178
0.09186453819274902,0.010758489320203173,0.0030063629150390626,0.0006318566394511942,20,{'n_estimators': 20},0.8375,0.9375,0.9,0.925,0.8625,0.8924999999999998,0.03758324094593227,1,1.0,1.0,1.0,1.0,1.0,1.0,0.0
