,precision,recall,f1-score,support
1,0.7777777777777778,1.0,0.8750000000000001,7.0
2,0.85,0.8095238095238095,0.8292682926829269,21.0
3,0.9565217391304348,0.88,0.9166666666666666,25.0
4,0.7272727272727273,0.7619047619047619,0.7441860465116279,21.0
5,0.8695652173913043,0.8695652173913043,0.8695652173913043,23.0
accuracy,0.845360824742268,0.845360824742268,0.845360824742268,0.845360824742268
macro avg,0.836227492314449,0.8641987577639751,0.8469372446505051,97.0
weighted avg,0.8503114968601296,0.845360824742268,0.8462289462861063,97.0
