mean_fit_time,std_fit_time,mean_score_time,std_score_time,param_C,param_kernel,params,split0_test_score,split1_test_score,split2_test_score,split3_test_score,split4_test_score,mean_test_score,std_test_score,rank_test_score,split0_train_score,split1_train_score,split2_train_score,split3_train_score,split4_train_score,mean_train_score,std_train_score
0.1656792163848877,0.011536107263141354,0.02751913070678711,0.0022409510770655967,1,rbf,"{'C': 1, 'kernel': 'rbf'}",0.85,1.0,0.9,0.875,0.9,0.905,0.050990195135927854,8,0.98125,0.96875,0.975,0.975,0.971875,0.974375,0.004145780987944228
0.09540209770202637,0.005144923759945832,0.02313828468322754,0.0043884516264256134,1,linear,"{'C': 1, 'kernel': 'linear'}",0.8625,0.975,0.9125,0.8625,0.9625,0.915,0.04769696007084726,1,1.0,1.0,1.0,1.0,1.0,1.0,0.0
0.16318902969360352,0.007924718359360509,0.026726245880126953,0.0021313469010784754,10,rbf,"{'C': 10, 'kernel': 'rbf'}",0.8625,1.0,0.9,0.875,0.9125,0.9099999999999999,0.048347699014534284,5,1.0,1.0,1.0,1.0,1.0,1.0,0.0
0.08348379135131836,0.00225025608890435,0.02082066535949707,0.000681885662559074,10,linear,"{'C': 10, 'kernel': 'linear'}",0.8625,0.975,0.9125,0.8625,0.9625,0.915,0.04769696007084726,1,1.0,1.0,1.0,1.0,1.0,1.0,0.0
0.15857477188110353,0.004678329827807648,0.025735807418823243,0.0007403398871486576,20,rbf,"{'C': 20, 'kernel': 'rbf'}",0.8625,1.0,0.9,0.875,0.9125,0.9099999999999999,0.048347699014534284,5,1.0,1.0,1.0,1.0,1.0,1.0,0.0
0.08678655624389649,0.0047243362484304325,0.021749353408813475,0.0011564154898199574,20,linear,"{'C': 20, 'kernel': 'linear'}",0.8625,0.975,0.9125,0.8625,0.9625,0.915,0.04769696007084726,1,1.0,1.0,1.0,1.0,1.0,1.0,0.0
0.16210336685180665,0.009219143875003659,0.02710437774658203,0.0016037096801619017,30,rbf,"{'C': 30, 'kernel': 'rbf'}",0.8625,1.0,0.9,0.875,0.9125,0.9099999999999999,0.048347699014534284,5,1.0,1.0,1.0,1.0,1.0,1.0,0.0
0.08675847053527833,0.0027331972677524775,0.021527528762817383,0.0013553563973973581,30,linear,"{'C': 30, 'kernel': 'linear'}",0.8625,0.975,0.9125,0.8625,0.9625,0.915,0.04769696007084726,1,1.0,1.0,1.0,1.0,1.0,1.0,0.0
