mean_fit_time,std_fit_time,mean_score_time,std_score_time,param_C,param_kernel,params,split0_test_score,split1_test_score,split2_test_score,split3_test_score,split4_test_score,mean_test_score,std_test_score,rank_test_score,split0_train_score,split1_train_score,split2_train_score,split3_train_score,split4_train_score,mean_train_score,std_train_score
0.14979891777038573,0.005964459292479909,0.025332021713256835,0.0007978441183457967,1,rbf,"{'C': 1, 'kernel': 'rbf'}",0.85,1.0,0.9,0.875,0.9,0.905,0.050990195135927854,8,0.98125,0.96875,0.975,0.975,0.971875,0.974375,0.004145780987944228
0.0853689193725586,0.0048638188514514655,0.02094264030456543,0.001260733030691651,1,linear,"{'C': 1, 'kernel': 'linear'}",0.8625,0.975,0.9125,0.8625,0.9625,0.915,0.04769696007084726,1,1.0,1.0,1.0,1.0,1.0,1.0,0.0
0.16584877967834472,0.010860596825250882,0.028328943252563476,0.0021435931233259966,10,rbf,"{'C': 10, 'kernel': 'rbf'}",0.8625,1.0,0.9,0.875,0.9125,0.9099999999999999,0.048347699014534284,5,1.0,1.0,1.0,1.0,1.0,1.0,0.0
0.08597297668457031,0.004094604793380813,0.021135473251342775,0.0014611361317451235,10,linear,"{'C': 10, 'kernel': 'linear'}",0.8625,0.975,0.9125,0.8625,0.9625,0.915,0.04769696007084726,1,1.0,1.0,1.0,1.0,1.0,1.0,0.0
0.16216573715209961,0.00645133665447056,0.025532102584838866,0.0007980351380817276,20,rbf,"{'C': 20, 'kernel': 'rbf'}",0.8625,1.0,0.9,0.875,0.9125,0.9099999999999999,0.048347699014534284,5,1.0,1.0,1.0,1.0,1.0,1.0,0.0
0.08596792221069335,0.0026282734875962437,0.021746397018432617,0.001151671917700986,20,linear,"{'C': 20, 'kernel': 'linear'}",0.8625,0.975,0.9125,0.8625,0.9625,0.915,0.04769696007084726,1,1.0,1.0,1.0,1.0,1.0,1.0,0.0
0.15938992500305177,0.006970200433190075,0.02691965103149414,0.001408598848985173,30,rbf,"{'C': 30, 'kernel': 'rbf'}",0.8625,1.0,0.9,0.875,0.9125,0.9099999999999999,0.048347699014534284,5,1.0,1.0,1.0,1.0,1.0,1.0,0.0
0.08317713737487793,0.00435146263016895,0.019746971130371094,0.0003992080973257464,30,linear,"{'C': 30, 'kernel': 'linear'}",0.8625,0.975,0.9125,0.8625,0.9625,0.915,0.04769696007084726,1,1.0,1.0,1.0,1.0,1.0,1.0,0.0
