mean_fit_time,std_fit_time,mean_score_time,std_score_time,param_C,param_kernel,params,split0_test_score,split1_test_score,split2_test_score,split3_test_score,split4_test_score,mean_test_score,std_test_score,rank_test_score,split0_train_score,split1_train_score,split2_train_score,split3_train_score,split4_train_score,mean_train_score,std_train_score
0.19062623977661133,0.002668123473130776,0.029121208190917968,0.0003786559459797557,1,rbf,"{'C': 1, 'kernel': 'rbf'}",0.2375,0.2375,0.225,0.225,0.2375,0.23249999999999998,0.006123724356957937,5,1.0,1.0,1.0,1.0,1.0,1.0,0.0
0.06263241767883301,0.003120175677740572,0.016348505020141603,0.00047896733360680143,1,linear,"{'C': 1, 'kernel': 'linear'}",0.7625,0.925,0.8875,0.85,0.85,0.8550000000000001,0.05396758286230728,1,1.0,1.0,1.0,1.0,1.0,1.0,0.0
0.19048590660095216,0.0017865432316881288,0.028906917572021483,0.0006300060271317128,10,rbf,"{'C': 10, 'kernel': 'rbf'}",0.2375,0.2375,0.225,0.225,0.2375,0.23249999999999998,0.006123724356957937,5,1.0,1.0,1.0,1.0,1.0,1.0,0.0
0.06461052894592285,0.005479986768183396,0.01735215187072754,0.0033726275306755933,10,linear,"{'C': 10, 'kernel': 'linear'}",0.7625,0.925,0.8875,0.85,0.85,0.8550000000000001,0.05396758286230728,1,1.0,1.0,1.0,1.0,1.0,1.0,0.0
0.19847774505615234,0.009689447687838164,0.03071002960205078,0.0026364243269740924,20,rbf,"{'C': 20, 'kernel': 'rbf'}",0.2375,0.2375,0.225,0.225,0.2375,0.23249999999999998,0.006123724356957937,5,1.0,1.0,1.0,1.0,1.0,1.0,0.0
0.0638312816619873,0.003983668471387839,0.016147756576538087,0.0011658436396497708,20,linear,"{'C': 20, 'kernel': 'linear'}",0.7625,0.925,0.8875,0.85,0.85,0.8550000000000001,0.05396758286230728,1,1.0,1.0,1.0,1.0,1.0,1.0,0.0
0.20605149269104003,0.01074027439582852,0.031321382522583006,0.0027198470054909823,30,rbf,"{'C': 30, 'kernel': 'rbf'}",0.2375,0.2375,0.225,0.225,0.2375,0.23249999999999998,0.006123724356957937,5,1.0,1.0,1.0,1.0,1.0,1.0,0.0
0.06983380317687989,0.00392605390080728,0.018146467208862305,0.0017133802079077644,30,linear,"{'C': 30, 'kernel': 'linear'}",0.7625,0.925,0.8875,0.85,0.85,0.8550000000000001,0.05396758286230728,1,1.0,1.0,1.0,1.0,1.0,1.0,0.0
