,precision,recall,f1-score,support
1,0.0,0.0,0.0,7.0
2,0.0,0.0,0.0,21.0
3,0.0,0.0,0.0,25.0
4,0.22105263157894736,1.0,0.3620689655172414,21.0
5,1.0,0.08695652173913043,0.16,23.0
accuracy,0.23711340206185566,0.23711340206185566,0.23711340206185566,0.23711340206185566
macro avg,0.2442105263157895,0.21739130434782608,0.10441379310344827,97.0
weighted avg,0.28497015735214326,0.23711340206185566,0.11632420902950587,97.0
