,precision,recall,f1-score,support
1,0.75,0.8,0.7741935483870969,30.0
2,0.9444444444444444,0.8947368421052632,0.918918918918919,19.0
3,0.6470588235294118,0.5789473684210527,0.6111111111111113,19.0
4,0.6875,0.6875,0.6875,16.0
5,0.8636363636363636,0.9047619047619048,0.8837209302325582,21.0
accuracy,0.780952380952381,0.780952380952381,0.780952380952381,0.780952380952381
macro avg,0.778527926322044,0.773189223057644,0.7750889017299369,105.0
weighted avg,0.7797611974082562,0.780952380952381,0.7795668243530209,105.0
