,precision,recall,f1-score,support
1,1.0,0.9,0.9473684210526316,30.0
2,0.9473684210526315,0.9473684210526315,0.9473684210526315,19.0
3,0.9,0.9473684210526315,0.9230769230769231,19.0
4,0.8888888888888888,1.0,0.9411764705882353,16.0
5,0.9523809523809523,0.9523809523809523,0.9523809523809523,21.0
accuracy,0.9428571428571428,0.9428571428571428,0.9428571428571428,0.9428571428571428
macro avg,0.9377276524644944,0.9494235588972432,0.9422742376302748,105.0
weighted avg,0.945925925925926,0.9428571428571428,0.9430317876138309,105.0
